Produtos;Valor;Tipo
Bermuda cargo; R$ 39,99 ;Roupas Masculina
Blazer de linho; R$ 79,99 ;Roupas Feminina
Blusa de alças básica; R$ 19,99 ;Roupas Feminina
Blusa de frio com zíper; R$ 44,99 ;Roupas Masculina
Bolsa tiracolo; R$ 49,99 ;Acessórios
Boné de baseball; R$ 19,99 ;Acessórios
Calça chino slim; R$ 49,99 ;Roupas Masculina
Calça jeans reta; R$ 59,99 ;Roupas Masculina
Calça jeans skinny; R$ 69,99 ;Roupas Feminina
Camisa social listrada; R$ 59,99 ;Roupas Masculina
Camiseta básica de manga longa; R$ 29,99 ;Roupas Masculina
Camiseta estampada; R$ 24,99 ;Roupas Feminina
Camiseta polo; R$ 34,99 ;Roupas Masculina
Casaco de lã oversized; R$ 129,99 ;Roupas Feminina
Chapéu de feltro; R$ 39,99 ;Acessórios
Cinto de couro; R$ 29,99 ;Acessórios
Conjunto de moletom (blusa e calça); R$ 79,99 ;Roupas Feminina
Jaqueta corta-vento; R$ 69,99 ;Roupas Masculina
Jaqueta de couro sintético; R$ 89,99 ;Roupas Feminina
Lenço estampado; R$ 14,99 ;Acessórios
Macacão pantacourt; R$ 109,99 ;Roupas Feminina
Mochila urbana; R$ 59,99 ;Acessórios
Moletom com capuz; R$ 49,99 ;Roupas Masculina
Óculos de sol aviador; R$ 79,99 ;Acessórios
Pulseira de couro com detalhes em metal; R$ 24,99 ;Acessórios
Relógio analógico; R$ 89,99 ;Acessórios
Saia midi plissada; R$ 59,99 ;Roupas Feminina
Suéter de tricô; R$ 39,99 ;Roupas Masculina
Tênis casual de lona; R$ 69,99 ;Acessórios
Vestido floral curto; R$ 89,99 ;Roupas Feminina
